{
    "resourceType": "AllergyIntolerance",
    "id": "example-allergy",
    "text": {
        "status": "generated",
        "div": "<div xmlns=\"http://www.w3.org/1999/xhtml\">Juan Dela Cruz has a high criticality, active allergy to Benethamine penicillin.</div>"
    },
    "code": {
        "coding": [
            {
                "code": "294494002",
                "system": "http://snomed.info/sct",
                "display": "Benethamine penicillin allergy"
            }
        ]
    },
    "criticality": "high",
    "clinicalStatus": {
        "coding": [
            {
                "code": "active",
                "system": "http://terminology.hl7.org/CodeSystem/allergyintolerance-clinical",
                "display": "Active"
            }
        ]
    },
    "patient": {
        "reference": "Patient/example-patient"
    }
}