{
    "resourceType": "Condition",
    "id": "example-condition",
    "text": {
        "status": "generated",
        "div": "<div xmlns=\"http://www.w3.org/1999/xhtml\">Juan Dela Cruz has an active diagnosis of Type 2 Diabetes Mellitus.</div>"
    },
    "clinicalStatus": {
        "coding": [
            {
                "code": "active",
                "system": "http://terminology.hl7.org/CodeSystem/condition-clinical",
                "display": "Active"
            }
        ]
    },
    "code": {
        "coding": [
            {
                "code": "44054006",
                "system": "http://snomed.info/sct",
                "display": "Diabetes mellitus type 2"
            }
        ]
    },
    "subject": {
        "reference": "Patient/example-patient"
    },
    "encounter": {
        "reference": "Encounter/example-encounter"
    }
}