{
    "resourceType": "Observation",
    "id": "blood-pressure",
    "meta": {
        "profile": [
            "http://hl7.org/fhir/StructureDefinition/vitalsigns",
            "http://hl7.org/fhir/StructureDefinition/bp"
        ]
    },
    "text": {
        "status": "generated",
        "div": "<div xmlns=\"http://www.w3.org/1999/xhtml\">Blood pressure observation for Juan Dela Cruz taken on 17 September 2012. Systolic: 107 mmHg (Normal), Diastolic: 60 mmHg (Below low normal).</div>"
    },
    "identifier": [
        {
            "system": "urn:ietf:rfc:3986",
            "value": "urn:uuid:187e0c12-8dd2-67e2-99b2-bf273c878281"
        }
    ],
    "basedOn": [
        {
            "identifier": {
                "system": "https://acme.org/identifiers",
                "value": "1234"
            }
        }
    ],
    "category": [
        {
            "coding": [
                {
                    "code": "vital-signs",
                    "system": "http://terminology.hl7.org/CodeSystem/observation-category",
                    "display": "Vital Signs"
                }
            ]
        }
    ],
    "code": {
        "coding": [
            {
                "code": "85354-9",
                "system": "http://loinc.org",
                "display": "Blood pressure panel with all children optional"
            }
        ],
        "text": "Blood pressure systolic & diastolic"
    },
    "performer": [
        {
            "reference": "Practitioner/example-practitioner"
        }
    ],
    "interpretation": [
        {
            "coding": [
                {
                    "code": "L",
                    "system": "http://terminology.hl7.org/CodeSystem/v3-ObservationInterpretation",
                    "display": "low"
                }
            ],
            "text": "Below low normal"
        }
    ],
    "component": [
        {
            "interpretation": [
                {
                    "coding": [
                        {
                            "code": "N",
                            "system": "http://terminology.hl7.org/CodeSystem/v3-ObservationInterpretation",
                            "display": "normal"
                        }
                    ],
                    "text": "Normal"
                }
            ],
            "code": {
                "coding": [
                    {
                        "code": "8480-6",
                        "system": "http://loinc.org",
                        "display": "Systolic blood pressure"
                    }
                ]
            },
            "valueQuantity": {
                "value": 107,
                "code": "mm[Hg]",
                "system": "http://unitsofmeasure.org",
                "unit": "mmHg"
            }
        },
        {
            "interpretation": [
                {
                    "coding": [
                        {
                            "code": "L",
                            "system": "http://terminology.hl7.org/CodeSystem/v3-ObservationInterpretation",
                            "display": "low"
                        }
                    ],
                    "text": "Below low normal"
                }
            ],
            "code": {
                "coding": [
                    {
                        "code": "8462-4",
                        "system": "http://loinc.org",
                        "display": "Diastolic blood pressure"
                    }
                ]
            },
            "valueQuantity": {
                "value": 60,
                "code": "mm[Hg]",
                "system": "http://unitsofmeasure.org",
                "unit": "mmHg"
            }
        }
    ],
    "status": "final",
    "subject": {
        "reference": "Patient/example-patient"
    },
    "effectiveDateTime": "2012-09-17",
    "bodySite": {
        "coding": [
            {
                "code": "368209003",
                "system": "http://snomed.info/sct",
                "display": "Right arm"
            }
        ]
    }
}