{
    "resourceType": "Patient",
    "id": "example-patient",
    "text": {
        "status": "generated",
        "div": "<div xmlns=\"http://www.w3.org/1999/xhtml\">Juan Dela Cruz is a male patient born on 1 January 1980, residing in Manila, NCR, Philippines.</div>"
    },
    "name": [
        {
            "given": [
                "Juan"
            ],
            "family": "Dela Cruz"
        }
    ],
    "address": [
        {
            "city": "Manila",
            "state": "NCR",
            "country": "PH"
        }
    ],
    "gender": "male",
    "birthDate": "1980-01-01"
}