{
    "resourceType": "Practitioner",
    "id": "example-practitioner",
    "text": {
        "status": "generated",
        "div": "<div xmlns=\"http://www.w3.org/1999/xhtml\">Dr. Maria Clara Santos, a female practitioner born on 1985-05-15, resides at 1234 Mabini Street, Manila, NCR, 1000, Philippines. She can be contacted via mobile at +63-912-345-6789 or by email at maria.santos@example.ph.</div>"
    },
    "name": [
        {
            "given": [
                "Maria",
                "Clara"
            ],
            "family": "Santos"
        }
    ],
    "telecom": [
        {
            "system": "phone",
            "value": "+63-912-345-6789",
            "use": "mobile"
        },
        {
            "system": "email",
            "value": "maria.santos@example.ph",
            "use": "work"
        }
    ],
    "address": [
        {
            "line": [
                "1234 Mabini Street"
            ],
            "use": "home",
            "city": "Manila",
            "state": "NCR",
            "postalCode": "1000",
            "country": "PH"
        }
    ],
    "gender": "female",
    "birthDate": "1985-05-15"
}